<?xml version="1.0" encoding="utf-8"?>
<blocks>
	<block>
		<name>air</name>
		<id>0</id>
		<type>AIR</type>
		<image1>air.png</image1>
		<image2>NULL</image2>
		<particles>false</particles>
		<lighting>false</lighting>
	</block>
	<block>
		<name>spawn</name>
		<id>1</id>
		<type>AIR</type>
		<image1>start.png</image1>
		<image2>NULL</image2>
		<particles>false</particles>
		<lighting>false</lighting>
	</block>
	<block>
		<name>box</name>
		<id>2</id>
		<type>PUSHABLE</type>
		<image1>box.png</image1>
		<image2>NULL</image2>
		<particles>false</particles>
		<lighting>false</lighting>
	</block>
	<block>
		<name>beam</name>
		<id>3</id>
		<type>AIR</type>
		<image1>beam.png</image1>
		<image2>NULL</image2>
		<particles>false</particles>
		<lighting>false</lighting>
	</block>
	<block>
		<name>brick</name>
		<id>5</id>
		<type>SOLID</type>
		<image1>brick.png</image1>
		<image2>NULL</image2>
		<particles>false</particles>
		<lighting>false</lighting>
	</block>
	<block>
		<name>ladder</name>
		<id>6</id>
		<type>CLIMBABLE</type>
		<image1>ladder.png</image1>
		<image2>NULL</image2>
		<particles>false</particles>
		<lighting>false</lighting>
	</block>
	<block>
		<name>lelevator</name>
		<id>7</id>
		<type>SOLID</type>
		<image1>lelevator1.png</image1>
		<image2>lelevator2.png</image2>
		<particles>false</particles>
		<lighting>false</lighting>
	</block>
	<block>
		<name>relevator</name>
		<id>8</id>
		<type>SOLID</type>
		<image1>relevator1.png</image1>
		<image2>relevator2.png</image2>
		<particles>false</particles>
		<lighting>false</lighting>
	</block>
	<block>
		<name>elevator1</name>
		<id>9</id>
		<type>SOLID</type>
		<image1>elevator.png</image1>
		<image2>NULL</image2>
		<particles>false</particles>
		<lighting>false</lighting>
	</block>
	<block>
		<name>elevator2</name>
		<id>10</id>
		<type>SOLID</type>
		<image1>elevator2.png</image1>
		<image2>NULL</image2>
		<particles>false</particles>
		<lighting>false</lighting>
	</block>
	<block>
		<name>lava</name>
		<id>11</id>
		<type>DANGER</type>
		<image1>lava1.png</image1>
		<image2>lava2.png</image2>
		<particles>true</particles>
		<lighting>true</lighting>
	</block>
	<block>
		<name>block</name>
		<id>12</id>
		<type>SOLID</type>
		<image1>block.png</image1>
		<image2>NULL</image2>
		<particles>false</particles>
		<lighting>false</lighting>
	</block>
	<block>
		<name>block1</name>
		<id>13</id>
		<type>SOLID</type>
		<image1>block_break1.png</image1>
		<image2>NULL</image2>
		<particles>true</particles>
		<lighting>false</lighting>
	</block>
	<block>
		<name>block2</name>
		<id>14</id>
		<type>SOLID</type>
		<image1>block_break2.png</image1>
		<image2>NULL</image2>
		<particles>true</particles>
		<lighting>false</lighting>
	</block>
	<block>
		<name>block3</name>
		<id>15</id>
		<type>SOLID</type>
		<image1>block_break3.png</image1>
		<image2>NULL</image2>
		<particles>true</particles>
		<lighting>false</lighting>
	</block>
	<block>
		<name>block4</name>
		<id>16</id>
		<type>SOLID</type>
		<image1>block_break4.png</image1>
		<image2>NULL</image2>
		<particles>true</particles>
		<lighting>false</lighting>
	</block>
	<block>
		<name>block5</name>
		<id>17</id>
		<type>SOLID</type>
		<image1>block_break5.png</image1>
		<image2>NULL</image2>
		<particles>true</particles>
		<lighting>false</lighting>
	</block>
	<block>
		<name>block6</name>
		<id>18</id>
		<type>SOLID</type>
		<image1>block_break6.png</image1>
		<image2>NULL</image2>
		<particles>true</particles>
		<lighting>false</lighting>
	</block>
	<block>
		<name>block7</name>
		<id>19</id>
		<type>SOLID</type>
		<image1>block_break7.png</image1>
		<image2>NULL</image2>
		<particles>true</particles>
		<lighting>false</lighting>
	</block>
	<block>
		<name>pswitchoff</name>
		<id>20</id>
		<type>AIR</type>
		<image1>switchoff.png</image1>
		<image2>NULL</image2>
		<particles>false</particles>
		<lighting>false</lighting>
	</block>
	<block>
		<name>pswitchon</name>
		<id>21</id>
		<type>AIR</type>
		<image1>switchon.png</image1>
		<image2>NULL</image2>
		<particles>false</particles>
		<lighting>false</lighting>
	</block>
	<block>
		<name>conveyorLeft</name>
		<id>22</id>
		<type>SOLID</type>
		<image1>conveyorLeft1.png</image1>
		<image2>conveyorLeft2.png</image2>
		<particles>false</particles>
		<lighting>false</lighting>
	</block>
	<block>
		<name>conveyorRight</name>
		<id>23</id>
		<type>SOLID</type>
		<image1>conveyorRight1.png</image1>
		<image2>conveyorRight2.png</image2>
		<particles>false</particles>
		<lighting>false</lighting>
	</block> 
	<block>
		<name>spikes</name>
		<id>24</id>
		<type>DANGER</type>
		<image1>spikes1.png</image1>
		<image2>spikes2.png</image2>
		<particles>false</particles>
		<lighting>false</lighting>
	</block>
	<block>
		<name>sign</name>
		<id>25</id>
		<type>AIR</type>
		<image1>sign1.png</image1>
		<image2>sign2.png</image2>
		<particles>false</particles>
		<lighting>false</lighting>
	</block>
	<block>
		<name>wood</name>
		<id>26</id>
		<type>CLIMBABLE</type>
		<image1>wood.png</image1>
		<image2>NULL</image2>
		<particles>false</particles>
		<lighting>false</lighting>
	</block>
	<block>
		<name>water</name>
		<id>27</id>
		<type>DANGER</type>
		<image1>water1.png</image1>
		<image2>water2.png</image2>
		<particles>true</particles>
		<lighting>false</lighting>
	</block>
	<block>
		<name>fan</name>
		<id>28</id>
		<type>SOLID</type>
		<image1>fan1.png</image1>
		<image2>fan2.png</image2>
		<particles>false</particles>
		<lighting>false</lighting>
	</block>
	<block>
		<name>monsterLeft</name>
		<id>29</id>
		<type>ENEMY</type>
		<image1>monsterLeft1.png</image1>
		<image2>monsterLeft2.png</image2>
		<particles>false</particles>
		<lighting>false</lighting>
	</block>
	<block>
		<name>monsterRight</name>
		<id>30</id>
		<type>ENEMY</type>
		<image1>monsterRight1.png</image1>
		<image2>monsterRight2.png</image2>
		<particles>false</particles>
		<lighting>false</lighting>
	</block>
	<block>
		<name>leaves</name>
		<id>31</id>
		<type>SOLID</type>
		<image1>leaves1.png</image1>
		<image2>leaves2.png</image2>
		<particles>false</particles>
		<lighting>false</lighting>
	</block>
	<block>
		<name>dirt</name>
		<id>32</id>
		<type>SOLID</type>
		<image1>dirt.png</image1>
		<image2>NULL</image2>
		<particles>false</particles>
		<lighting>false</lighting>
	</block>
	<block>
		<name>dirtGrass</name>
		<id>33</id>
		<type>SOLID</type>
		<image1>dirtGrass.png</image1>
		<image2>NULL</image2>
		<particles>false</particles>
		<lighting>false</lighting>
	</block>
	<block>
		<name>tallgrass</name>
		<id>34</id>
		<type>AIR</type>
		<image1>tallGrass1.png</image1>
		<image2>tallGrass2.png</image2>
		<particles>false</particles>
		<lighting>false</lighting>
	</block>
	<block>
		<name>plywood</name>
		<id>35</id>
		<type>SOLID</type>
		<image1>plywood.png</image1>
		<image2>NULL</image2>
		<particles>false</particles>
		<lighting>false</lighting>
	</block>
	<block>
		<name>shingle</name>
		<id>36</id>
		<type>SOLID</type>
		<image1>shingle.png</image1>
		<image2>NULL</image2>
		<particles>false</particles>
		<lighting>false</lighting>
	</block>
	<block>
		<name>stone</name>
		<id>37</id>
		<type>SOLID</type>
		<image1>stone.png</image1>
		<image2>NULL</image2>
		<particles>false</particles>
		<lighting>false</lighting>
	</block>
	<block>
		<name>stoneblock</name>
		<id>38</id>
		<type>SOLID</type>
		<image1>stoneblock.png</image1>
		<image2>NULL</image2>
		<particles>false</particles>
		<lighting>false</lighting>
	</block>
	<block>
		<name>cloud</name>
		<id>39</id>
		<type>SOLID</type>
		<image1>cloud1.png</image1>
		<image2>cloud2.png</image2>
		<particles>false</particles>
		<lighting>false</lighting>
	</block>
	<block>
		<name>wind</name>
		<id>40</id>
		<type>AIR</type>
		<image1>wind1.png</image1>
		<image2>wind2.png</image2>
		<particles>false</particles>
		<lighting>false</lighting>
	</block>
	<block>
		<name>anvil</name>
		<id>41</id>
		<type>SOLID</type>
		<image1>anvil.png</image1>
		<image2>NULL</image2>
		<particles>false</particles>
		<lighting>false</lighting>
	</block>
	<block>
		<name>npc1</name>
		<id>42</id>
		<type>NCP</type>
		<image1>npc1.png</image1>
		<image2>npc2.png</image2>
		<particles>false</particles>
		<lighting>false</lighting>
	</block>
	<block>
		<name>npc2</name>
		<id>43</id>
		<type>NCP</type>
		<image1>npc3.png</image1>
		<image2>npc4.png</image2>
		<particles>false</particles>
		<lighting>false</lighting>
	</block>
	<block>
		<name>npc3</name>
		<id>44</id>
		<type>NCP</type>
		<image1>npc5.png</image1>
		<image2>npc6.png</image2>
		<particles>false</particles>
		<lighting>false</lighting>
	</block>
	<block>
		<name>torch</name>
		<id>45</id>
		<type>AIR</type>
		<image1>torch1.png</image1>
		<image2>torch2.png</image2>
		<particles>false</particles>
		<lighting>false</lighting>
	</block>
	<block>
		<name>disk</name>
		<id>46</id>
		<type>DANGER</type>
		<image1>disk1.png</image1>
		<image2>disk2.png</image2>
		<particles>false</particles>
		<lighting>false</lighting>
	</block>
	<block>
		<name>dannyLeft</name>
		<id>47</id>
		<type>ENEMY</type>
		<image1>danny1.png</image1>
		<image2>danny2.png</image2>
		<particles>true</particles>
		<lighting>true</lighting>
	</block>
	<block>
		<name>dannyRight</name>
		<id>48</id>
		<type>ENEMY</type>
		<image1>danny1.png</image1>
		<image2>danny2.png</image2>
		<particles>true</particles>
		<lighting>true</lighting>
	</block>
	<block>
		<name>cog1</name>
		<id>49</id>
		<type>DANGER</type>
		<image1>cog1.png</image1>
		<image2>cog2.png</image2>
		<particles>false</particles>
		<lighting>false</lighting>
	</block>
	<block>
		<name>cog2</name>
		<id>50</id>
		<type>DANGER</type>
		<image1>cog2.png</image1>
		<image2>cog1.png</image2>
		<particles>false</particles>
		<lighting>false</lighting>
	</block>
	<block>
		<name>portalr1</name>
		<id>100</id>
		<type>AIR</type>
		<image1>portal1a.png</image1>
		<image2>portal1b.png</image2>
		<particles>true</particles>
		<lighting>true</lighting>
	</block>
	<block>
		<name>portalr2</name>
		<id>101</id>
		<type>AIR</type>
		<image1>portal1a.png</image1>
		<image2>portal1b.png</image2>
		<particles>true</particles>
		<lighting>true</lighting>
	</block>
	<block>
		<name>portaly1</name>
		<id>102</id>
		<type>AIR</type>
		<image1>portal2a.png</image1>
		<image2>portal2b.png</image2>
		<particles>true</particles>
		<lighting>true</lighting>
	</block>
	<block>
		<name>portaly2</name>
		<id>103</id>
		<type>AIR</type>
		<image1>portal2a.png</image1>
		<image2>portal2b.png</image2>
		<particles>true</particles>
		<lighting>true</lighting>
	</block>
	<block>
		<name>portalb1</name>
		<id>104</id>
		<type>AIR</type>
		<image1>portal3a.png</image1>
		<image2>portal3b.png</image2>
		<particles>true</particles>
		<lighting>true</lighting>
	</block>
	<block>
		<name>portalb2</name>
		<id>105</id>
		<type>AIR</type>
		<image1>portal3a.png</image1>
		<image2>portal3b.png</image2>
		<particles>true</particles>
		<lighting>true</lighting>
	</block>
	<block>
		<name>portalg1</name>
		<id>106</id>
		<type>AIR</type>
		<image1>portal4a.png</image1>
		<image2>portal4b.png</image2>
		<particles>true</particles>
		<lighting>true</lighting>
	</block>
	<block>
		<name>portalg2</name>
		<id>107</id>
		<type>AIR</type>
		<image1>portal4a.png</image1>
		<image2>portal4b.png</image2>
		<particles>true</particles>
		<lighting>true</lighting>
	</block>
	<block>
		<name>endPortalOff</name>
		<id>110</id>
		<type>AIR</type>
		<image1>endPortalOff.png</image1>
		<image2>NULL</image2>
		<particles>false</particles>
		<lighting>true</lighting>
	</block>
	<block>
		<name>endPortalOn</name>
		<id>111</id>
		<type>AIR</type>
		<image1>endPortalOn1.png</image1>
		<image2>endPortalOn2.png</image2>
		<particles>true</particles>
		<lighting>true</lighting>
	</block>
</blocks>