<?xml version="1.0" encoding="utf-8"?>
<levels>
	<level>
		<name>Level1</name>
		<id>1</id>
		<map>levels/level1.map</map>
		<lighting>false</lighting>
		<particles>true</particles>
		<background>background1.png</background>
		<foreground>foreground1.png</foreground>
		<music>Forest.mp3</music>
		<ambience>birds.mp3</ambience>
		<signText>Welcome to Portals! Try switching that lever over there. It should activate the portal. Then go through it to travel to the next part of the town</signText>
		<npcText>Hey Johnny, something awful has happened! Your friends have gone missing! They were going old Portals Inc. factory.</npcText>
	</level>
	<level>
		<name>Level2</name>
		<id>2</id>
		<map>levels/level2.map</map>
		<lighting>false</lighting>
		<particles>true</particles>
		<background>background1.png</background>
		<foreground>foreground1.png</foreground>
		<music>Forest.mp3</music>
		<ambience>birds.mp3</ambience>
		<signText>Push those boxes over the water to get across. Hint: You can climb trees.</signText>
		<npcText>Johnny, just the person I wanted to see... oh you've heard? Well Good luck with finding them! And please stay safe!"</npcText>
	</level>
	<level>
		<name>Level3</name>
		<id>3</id>
		<map>levels/level3.map</map>
		<lighting>false</lighting>
		<particles>true</particles>
		<background>background1.png</background>
		<foreground>foreground1.png</foreground>
		<music>Forest.mp3</music>
		<ambience>birds.mp3</ambience>
		<signText>Need to get somewhere fast? Portals are the newest in teleporting technology. Just step in one and you will come out the other of the matching color.</signText>
		<npcText></npcText>
	</level>
	<level>
		<name>Level4</name>
		<id>4</id>
		<map>levels/level4.map</map>
		<lighting>false</lighting>
		<particles>true</particles>
		<background>background1.png</background>
		<foreground>foreground1.png</foreground>
		<music>Forest.mp3</music>
		<ambience>birds.mp3</ambience>
		<signText>Be wary of the many dangers that this world contains. Fire, water, monsters and spikes will kill you instantly!.</signText>
		<npcText></npcText>
	</level>
	<level>
		<name>Level5</name>
		<id>5</id>
		<map>levels/level5.map</map>
		<lighting>false</lighting>
		<particles>true</particles>
		<background>background1.png</background>
		<foreground>foreground1.png</foreground>
		<music>Abandoned.mp3</music>
		<ambience>wind.mp3</ambience>
		<signText>You are now reaching Portals Inc. We will be there shortly. Don't worry we will find your friends.</signText>
		<npcText></npcText>
	</level>
	<level>
		<name>Level6</name>
		<id>6</id>
		<map>levels/level6.map</map>
		<lighting>false</lighting>
		<particles>true</particles>
		<background>background1.png</background>
		<foreground>NULL</foreground>
		<music>Abandoned.mp3</music>
		<ambience>machines.mp3</ambience>
		<signText>Here it is, Portals Inc. Its been shut down for almost 40 years now. We better go inside. Look out this place is falling apart.</signText>
		<npcText>You aren't going in there right? You are? I used to work there until it was shut down. I wish only the best!</npcText>
	</level>
	<level>
		<name>Level7</name>
		<id>7</id>
		<map>levels/level7.map</map>
		<lighting>false</lighting>
		<particles>true</particles>
		<background>background2.png</background>
		<foreground>NULL</foreground>
		<music>Abandoned.mp3</music>
		<ambience>machines.mp3</ambience>
		<signText>Wow I wonder what this does! Actually maybe I don't... Anyhow we better find a way forward. We must find your friends!</signText>
		<npcText></npcText>
	</level>
	<level>
		<name>Level8</name>
		<id>8</id>
		<map>levels/level8.map</map>
		<lighting>false</lighting>
		<particles>true</particles>
		<background>background2.png</background>
		<foreground>NULL</foreground>
		<music>Abandoned.mp3</music>
		<ambience>machines.mp3</ambience>
		<signText>Wow looks like someone isn't doing their job! Well, don't look at me I can't push boxes. You can go right ahead.</signText>
		<npcText></npcText>
	</level>
	<level>
		<name>Level9</name>
		<id>9</id>
		<map>levels/level9.map</map>
		<lighting>false</lighting>
		<particles>true</particles>
		<background>background2.png</background>
		<foreground>NULL</foreground>
		<music>Abandoned.mp3</music>
		<ambience>machines.mp3</ambience>
		<signText>All right, one bit of advice if you want to finish this one alive. Timing is EVERYTHING!</signText>
		<npcText></npcText>
	</level>
	<level>
		<name>Level10</name>
		<id>10</id>
		<map>levels/level10.map</map>
		<lighting>false</lighting>
		<particles>true</particles>
		<background>background2.png</background>
		<foreground>NULL</foreground>
		<music>Abandoned.mp3</music>
		<ambience>machines.mp3</ambience>
		<signText>Well now that you have learned everything that I can teach you... Just kidding I'm not leaving any time soon.</signText>
		<npcText></npcText>
	</level>
	<level>
		<name>Level11</name>
		<id>11</id>
		<map>levels/level11.map</map>
		<lighting>false</lighting>
		<particles>true</particles>
		<background>background2.png</background>
		<foreground>NULL</foreground>
		<music>Abandoned.mp3</music>
		<ambience>machines.mp3</ambience>
		<signText></signText>
		<npcText></npcText>
	</level>
	<level>
		<name>Level12</name>
		<id>12</id>
		<map>levels/level12.map</map>
		<lighting>true</lighting>
		<particles>true</particles>
		<background>background2.png</background>
		<foreground>NULL</foreground>
		<music>Spooky.mp3</music>
		<ambience>machines.mp3</ambience>
		<signText></signText>
		<npcText></npcText>
	</level>
	<level>
		<name>ScaryNight</name>
		<id>13</id>
		<map>levels/level13.map</map>
		<lighting>true</lighting>
		<particles>true</particles>
		<background>mountains_night.png</background>
		<foreground>foreground3.png</foreground>
		<music></music>
		<ambience>wind.mp3</ambience>
		<signText>Im afraid sir</signText>
		<npcText>AHHH HELP MEEEEEEEEEEE!</npcText>
	</level>
</levels>